{"episode_reward_max": -150.1999999999956, "episode_reward_min": -150.1999999999956, "episode_reward_mean": -150.1999999999956, "episode_len_mean": 501.0, "episode_media": {}, "episodes_this_iter": 1, "policy_reward_min": {}, "policy_reward_max": {}, "policy_reward_mean": {}, "custom_metrics": {}, "hist_stats": {"episode_reward": [-150.1999999999956], "episode_lengths": [501]}, "sampler_perf": {"mean_raw_obs_processing_ms": 0.23025137323004144, "mean_inference_ms": 6.979876583987302, "mean_action_processing_ms": 0.11650880019028823, "mean_env_wait_ms": 9.522798654440043, "mean_env_render_ms": 0.0}, "off_policy_estimator": {}, "num_healthy_workers": 1, "timesteps_total": 4162, "agent_timesteps_total": 4162, "timers": {"sample_time_ms": 17517.767, "sample_throughput": 237.587, "load_time_ms": 0.0, "load_throughput": 0.0, "learn_time_ms": 216236.393, "learn_throughput": 19.247, "update_time_ms": 12.965}, "info": {"learner": {"default_policy": {"learner_stats": {"cur_kl_coeff": 0.20000000298023224, "cur_lr": 4.999999873689376e-05, "total_loss": 10.432856559753418, "policy_loss": 0.008631329983472824, "vf_loss": 10.422258377075195, "vf_explained_var": 0.001106636947952211, "kl": 0.009841645136475563, "entropy": 1.6000741720199585, "entropy_coeff": 0.0, "model": {}}, "custom_metrics": {}}}, "num_steps_sampled": 4162, "num_agent_steps_sampled": 4162, "num_steps_trained": 4162, "num_agent_steps_trained": 4162}, "done": false, "episodes_total": 1, "training_iteration": 1, "experiment_id": "e428149c4ddf40578159105a06f7144b", "date": "2021-09-30_23-10-03", "timestamp": 1633011003, "time_this_iter_s": 233.86172318458557, "time_total_s": 233.86172318458557, "pid": 16256, "hostname": "DESKTOP", "node_ip": "192.168.0.196", "config": {"num_workers": 1, "num_envs_per_worker": 1, "create_env_on_driver": false, "rollout_fragment_length": 200, "batch_mode": "truncate_episodes", "gamma": 0.99, "lr": 5e-05, "train_batch_size": 4000, "model": {"_use_default_native_models": false, "fcnet_hiddens": [256, 256], "fcnet_activation": "tanh", "conv_filters": null, "conv_activation": "relu", "post_fcnet_hiddens": [], "post_fcnet_activation": "relu", "free_log_std": false, "no_final_linear": false, "vf_share_layers": false, "use_lstm": false, "max_seq_len": 20, "lstm_cell_size": 256, "lstm_use_prev_action": false, "lstm_use_prev_reward": false, "_time_major": false, "use_attention": false, "attention_num_transformer_units": 1, "attention_dim": 64, "attention_num_heads": 1, "attention_head_dim": 32, "attention_memory_inference": 50, "attention_memory_training": 50, "attention_position_wise_mlp_dim": 32, "attention_init_gru_gate_bias": 2.0, "attention_use_n_prev_actions": 0, "attention_use_n_prev_rewards": 0, "num_framestacks": "auto", "dim": 84, "grayscale": false, "zero_mean": true, "custom_model": "my_model", "custom_model_config": {}, "custom_action_dist": null, "custom_preprocessor": null, "lstm_use_prev_action_reward": -1, "framestack": true}, "optimizer": {}, "horizon": null, "soft_horizon": false, "no_done_at_end": false, "env": "BattleFieldStrategy", "observation_space": null, "action_space": null, "env_config": {}, "env_task_fn": null, "render_env": false, "record_env": false, "clip_rewards": null, "normalize_actions": true, "clip_actions": false, "preprocessor_pref": "deepmind", "log_level": "WARN", "callbacks": "<class 'ray.rllib.agents.callbacks.DefaultCallbacks'>", "ignore_worker_failures": false, "log_sys_usage": true, "fake_sampler": false, "framework": "tf", "eager_tracing": false, "explore": true, "exploration_config": {"type": "StochasticSampling"}, "evaluation_interval": null, "evaluation_num_episodes": 10, "evaluation_parallel_to_training": false, "in_evaluation": false, "evaluation_config": {}, "evaluation_num_workers": 0, "custom_eval_function": null, "sample_async": false, "sample_collector": "<class 'ray.rllib.evaluation.collectors.simple_list_collector.SimpleListCollector'>", "observation_filter": "NoFilter", "synchronize_filters": true, "tf_session_args": {"intra_op_parallelism_threads": 2, "inter_op_parallelism_threads": 2, "gpu_options": {"allow_growth": true}, "log_device_placement": false, "device_count": {"CPU": 1}, "allow_soft_placement": true}, "local_tf_session_args": {"intra_op_parallelism_threads": 8, "inter_op_parallelism_threads": 8}, "compress_observations": false, "collect_metrics_timeout": 180, "metrics_smoothing_episodes": 100, "remote_worker_envs": false, "remote_env_batch_wait_ms": 0, "min_iter_time_s": 0, "timesteps_per_iteration": 0, "seed": null, "extra_python_environs_for_driver": {}, "extra_python_environs_for_worker": {}, "num_gpus": 0, "_fake_gpus": false, "num_cpus_per_worker": 0, "num_gpus_per_worker": 0, "custom_resources_per_worker": {}, "num_cpus_for_driver": 1, "placement_strategy": "PACK", "input": "sampler", "input_config": {}, "actions_in_input_normalized": false, "input_evaluation": ["is", "wis"], "postprocess_inputs": false, "shuffle_buffer_size": 0, "output": null, "output_compress_columns": ["obs", "new_obs"], "output_max_file_size": 67108864, "multiagent": {"policies": {"default_policy": ["<class 'ray.rllib.policy.tf_policy_template.PPOTFPolicy'>", null, null, {}]}, "policy_map_capacity": 100, "policy_map_cache": null, "policy_mapping_fn": null, "policies_to_train": null, "observation_fn": null, "replay_mode": "independent", "count_steps_by": "env_steps"}, "logger_config": null, "simple_optimizer": false, "monitor": -1, "use_critic": true, "use_gae": true, "lambda": 1.0, "kl_coeff": 0.2, "sgd_minibatch_size": 128, "shuffle_sequences": true, "num_sgd_iter": 10, "lr_schedule": null, "vf_loss_coeff": 1.0, "entropy_coeff": 0.0, "entropy_coeff_schedule": null, "clip_param": 0.3, "vf_clip_param": 10.0, "grad_clip": null, "kl_target": 0.01, "vf_share_layers": -1}, "time_since_restore": 233.86172318458557, "timesteps_since_restore": 0, "iterations_since_restore": 1, "perf": {"cpu_util_percent": 91.73425925925926, "ram_util_percent": 33.53765432098765}}
{"episode_reward_max": -94.29999999999893, "episode_reward_min": -189.59999999999337, "episode_reward_mean": -151.64999999999554, "episode_len_mean": 489.25, "episode_media": {}, "episodes_this_iter": 3, "policy_reward_min": {}, "policy_reward_max": {}, "policy_reward_mean": {}, "custom_metrics": {}, "hist_stats": {"episode_reward": [-150.1999999999956, -189.59999999999337, -94.29999999999893, -172.4999999999943], "episode_lengths": [501, 501, 454, 501]}, "sampler_perf": {"mean_raw_obs_processing_ms": 0.21841292343625762, "mean_inference_ms": 6.451459137076985, "mean_action_processing_ms": 0.11747980681098281, "mean_env_wait_ms": 9.437780713477578, "mean_env_render_ms": 0.0}, "off_policy_estimator": {}, "num_healthy_workers": 1, "timesteps_total": 8807, "agent_timesteps_total": 8807, "timers": {"sample_time_ms": 17972.833, "sample_throughput": 245.009, "load_time_ms": 0.0, "load_throughput": 0.0, "learn_time_ms": 221430.087, "learn_throughput": 19.887, "update_time_ms": 11.97}, "info": {"learner": {"default_policy": {"learner_stats": {"cur_kl_coeff": 0.20000000298023224, "cur_lr": 4.999999873689376e-05, "total_loss": 11.538054466247559, "policy_loss": 0.009323089383542538, "vf_loss": 11.527536392211914, "vf_explained_var": -0.002818944165483117, "kl": 0.0059746503829956055, "entropy": 1.606353759765625, "entropy_coeff": 0.0, "model": {}}, "custom_metrics": {}}}, "num_steps_sampled": 8807, "num_agent_steps_sampled": 8807, "num_steps_trained": 8807, "num_agent_steps_trained": 8807}, "done": false, "episodes_total": 4, "training_iteration": 2, "experiment_id": "e428149c4ddf40578159105a06f7144b", "date": "2021-09-30_23-14-18", "timestamp": 1633011258, "time_this_iter_s": 245.15676712989807, "time_total_s": 479.01849031448364, "pid": 16256, "hostname": "DESKTOP", "node_ip": "192.168.0.196", "config": {"num_workers": 1, "num_envs_per_worker": 1, "create_env_on_driver": false, "rollout_fragment_length": 200, "batch_mode": "truncate_episodes", "gamma": 0.99, "lr": 5e-05, "train_batch_size": 4000, "model": {"_use_default_native_models": false, "fcnet_hiddens": [256, 256], "fcnet_activation": "tanh", "conv_filters": null, "conv_activation": "relu", "post_fcnet_hiddens": [], "post_fcnet_activation": "relu", "free_log_std": false, "no_final_linear": false, "vf_share_layers": false, "use_lstm": false, "max_seq_len": 20, "lstm_cell_size": 256, "lstm_use_prev_action": false, "lstm_use_prev_reward": false, "_time_major": false, "use_attention": false, "attention_num_transformer_units": 1, "attention_dim": 64, "attention_num_heads": 1, "attention_head_dim": 32, "attention_memory_inference": 50, "attention_memory_training": 50, "attention_position_wise_mlp_dim": 32, "attention_init_gru_gate_bias": 2.0, "attention_use_n_prev_actions": 0, "attention_use_n_prev_rewards": 0, "num_framestacks": "auto", "dim": 84, "grayscale": false, "zero_mean": true, "custom_model": "my_model", "custom_model_config": {}, "custom_action_dist": null, "custom_preprocessor": null, "lstm_use_prev_action_reward": -1, "framestack": true}, "optimizer": {}, "horizon": null, "soft_horizon": false, "no_done_at_end": false, "env": "BattleFieldStrategy", "observation_space": null, "action_space": null, "env_config": {}, "env_task_fn": null, "render_env": false, "record_env": false, "clip_rewards": null, "normalize_actions": true, "clip_actions": false, "preprocessor_pref": "deepmind", "log_level": "WARN", "callbacks": "<class 'ray.rllib.agents.callbacks.DefaultCallbacks'>", "ignore_worker_failures": false, "log_sys_usage": true, "fake_sampler": false, "framework": "tf", "eager_tracing": false, "explore": true, "exploration_config": {"type": "StochasticSampling"}, "evaluation_interval": null, "evaluation_num_episodes": 10, "evaluation_parallel_to_training": false, "in_evaluation": false, "evaluation_config": {}, "evaluation_num_workers": 0, "custom_eval_function": null, "sample_async": false, "sample_collector": "<class 'ray.rllib.evaluation.collectors.simple_list_collector.SimpleListCollector'>", "observation_filter": "NoFilter", "synchronize_filters": true, "tf_session_args": {"intra_op_parallelism_threads": 2, "inter_op_parallelism_threads": 2, "gpu_options": {"allow_growth": true}, "log_device_placement": false, "device_count": {"CPU": 1}, "allow_soft_placement": true}, "local_tf_session_args": {"intra_op_parallelism_threads": 8, "inter_op_parallelism_threads": 8}, "compress_observations": false, "collect_metrics_timeout": 180, "metrics_smoothing_episodes": 100, "remote_worker_envs": false, "remote_env_batch_wait_ms": 0, "min_iter_time_s": 0, "timesteps_per_iteration": 0, "seed": null, "extra_python_environs_for_driver": {}, "extra_python_environs_for_worker": {}, "num_gpus": 0, "_fake_gpus": false, "num_cpus_per_worker": 0, "num_gpus_per_worker": 0, "custom_resources_per_worker": {}, "num_cpus_for_driver": 1, "placement_strategy": "PACK", "input": "sampler", "input_config": {}, "actions_in_input_normalized": false, "input_evaluation": ["is", "wis"], "postprocess_inputs": false, "shuffle_buffer_size": 0, "output": null, "output_compress_columns": ["obs", "new_obs"], "output_max_file_size": 67108864, "multiagent": {"policies": {"default_policy": ["<class 'ray.rllib.policy.tf_policy_template.PPOTFPolicy'>", null, null, {}]}, "policy_map_capacity": 100, "policy_map_cache": null, "policy_mapping_fn": null, "policies_to_train": null, "observation_fn": null, "replay_mode": "independent", "count_steps_by": "env_steps"}, "logger_config": null, "simple_optimizer": false, "monitor": -1, "use_critic": true, "use_gae": true, "lambda": 1.0, "kl_coeff": 0.2, "sgd_minibatch_size": 128, "shuffle_sequences": true, "num_sgd_iter": 10, "lr_schedule": null, "vf_loss_coeff": 1.0, "entropy_coeff": 0.0, "entropy_coeff_schedule": null, "clip_param": 0.3, "vf_clip_param": 10.0, "grad_clip": null, "kl_target": 0.01, "vf_share_layers": -1}, "time_since_restore": 479.01849031448364, "timesteps_since_restore": 0, "iterations_since_restore": 2, "perf": {"cpu_util_percent": 90.35730337078651, "ram_util_percent": 34.238483146067416}}
