{
  "Q_model": {
    "fcnet_hiddens": [
      64,
      64
    ],
    "lstm_cell_size": 64,
    "lstm_use_prev_action": true,
    "lstm_use_prev_reward": true,
    "use_lstm": true
  },
  "batch_mode": "complete_episodes",
  "buffer_size": 100000,
  "burn_in": 4,
  "env": "<class 'ray.rllib.examples.env.stateless_cartpole.StatelessCartPole'>",
  "framework": "torch",
  "gamma": 0.95,
  "horizon": 1000,
  "learning_starts": 1000,
  "log_level": "INFO",
  "model": {
    "max_seq_len": 20
  },
  "num_cpus_per_worker": 1,
  "num_envs_per_worker": 1,
  "num_gpus": 0,
  "num_workers": 4,
  "optimization": {
    "actor_learning_rate": 0.005,
    "critic_learning_rate": 0.005,
    "entropy_learning_rate": 0.0001
  },
  "policy_model": {
    "fcnet_hiddens": [
      64,
      64
    ],
    "lstm_cell_size": 64,
    "lstm_use_prev_action": true,
    "lstm_use_prev_reward": true,
    "use_lstm": true
  },
  "prioritized_replay": false,
  "seed": 42,
  "target_network_update_freq": 480,
  "tau": 0.3,
  "train_batch_size": 480,
  "zero_init_states": false
}